Workbook

Sheet 보드코드
A1: M2M 보드 코드 할당 대장 (BOARD, 3자리 = 구분 1자 + 일련 1자 + 리비전 1자)
A2: 근거: M2M_SW Release Naming Guide v2.0, 4.2절. 노란 셀 입력, 회색 셀은 수식(수정 금지), 회색 기울임 행은 형식 예시. 구분: M 벤더 모듈 / E 평가 보드 / P 제품 보드 / C·D 고객 보드 / T 시험 지그. 리비전: 벤더 모듈 0, 그 외 1부터 (펌웨어가 달라지는 변경만 올림).
A4: No | B4: 보드 코드 | C4: 구분 (자동) | D4: 상태 | E4: 칩 코드 | F4: 칩 (자동) | G4: 보드 / 모듈명 | H4: 이전 코드 (대체 대상) | I4: 고객 코드 (C·D 보드) | J4: FLASH | K4: CLK | L4: 안테나 | M4: Host IF | N4: 기본 CUSTOMER | O4: 등록일 | P4: 등록자 | Q4: 비고 / 변경 사유 | R4: HW 세그먼트 (자동) | S4: 표준 파일명 예 (자동, CMD=MM) | T4: 코드 검사 (자동) | U4: 참조 검사 (자동)
A5: =IF(B5="","",ROW()-4) -> 1 | B5: MA0 | C5: =IF(B5="","",IFERROR(INDEX(코드목록!$C$2:$C$20,MATCH(LEFT(B5,1),코드목록!$B$2:$B$20,0)),"?")) -> 벤더 표준 모듈 | D5: 사용 | E5: EC3 | F5: =IF(E5="","",IFERROR(INDEX(칩코드!$C$5:$C$60,MATCH(E5,칩코드!$A$5:$A$60,0)),"?")) -> ESP32-C3 | G5: ESP32-C3-MINI-1 | J5: N04 | K5: 40M | L5: PCB | M5: UART | N5: AC0 | O5: 2026-09-26 | Q5: ESP32-C3 표준 모듈, AC0 기본 구성 (Naming Guide 4.5.1절) | R5: =IF(OR(B5="",E5="",J5="",K5=""),"",E5&"-"&B5&"-"&J5&"-"&K5) -> EC3-MA0-N04-40M | S5: =IF(R5="","","M2M_"&R5&"_AT-MM-"&IF(M5="","UART",M5)&"_V01.00_"&IF(N5="","AC0",N5)&"_0FN_YYMMDD.zip") -> M2M_EC3-MA0-N04-40M_AT-MM-UART_V01.00_AC0_0FN_YYMMDD.zip | T5: =IF(B5="","",IF(LEN(B5)<>3,"3자리 아님",IF(SUMPRODUCT(--ISERROR(FIND(MID(B5,{1,2,3},1),"ABCDEFGHIJKLMNOPQRSTUVWXYZ0123456789")))>0,"문자 오류",IF(COUNTIF(코드목록!$B$2:$B$20,LEFT(B5,1))=0,"구분 오류",IF(AND(LEFT(B5,1)="M",RIGHT(B5,1)<>"0"),"모듈 리비전은 0",IF(AND(LEFT(B5,1)<>"M",RIGHT(B5,1)="0"),"리비전은 1부터",IF(COUNTIF($B$5:$B$200,B5)>1,"중복","OK"))))))) -> OK | U5: =IF(B5="","",IF(COUNTIF(칩코드!$A$5:$A$60,E5)=0,"칩 미등록",IF(AND(OR(LEFT(B5,1)="C",LEFT(B5,1)="D"),I5=""),"고객 코드 필요",IF(AND(I5<>"",COUNTIF(고객코드!$A$5:$A$200,I5)=0),"고객 미등록",IF(AND(N5<>"",COUNTIF(고객코드!$A$5:$A$200,LEFT(N5,2))=0),"기본값 미등록",IF(AND(H5<>"",COUNTIF($B$5:$B$200,H5)=0),"이전 코드 없음","OK")))))) -> OK
A6: =IF(B6="","",ROW()-4) -> 2 | B6: MB0 | C6: =IF(B6="","",IFERROR(INDEX(코드목록!$C$2:$C$20,MATCH(LEFT(B6,1),코드목록!$B$2:$B$20,0)),"?")) -> 벤더 표준 모듈 | D6: 사용 | E6: EC3 | F6: =IF(E6="","",IFERROR(INDEX(칩코드!$C$5:$C$60,MATCH(E6,칩코드!$A$5:$A$60,0)),"?")) -> ESP32-C3 | G6: ESP32-C3-MINI-1U | J6: N04 | K6: 40M | L6: U.FL | M6: UART | N6: AC0 | O6: 2026-09-26 | Q6: 외부 안테나. AT*M2M*SYS_ANTENNA 기본 1 | R6: =IF(OR(B6="",E6="",J6="",K6=""),"",E6&"-"&B6&"-"&J6&"-"&K6) -> EC3-MB0-N04-40M | S6: =IF(R6="","","M2M_"&R6&"_AT-MM-"&IF(M6="","UART",M6)&"_V01.00_"&IF(N6="","AC0",N6)&"_0FN_YYMMDD.zip") -> M2M_EC3-MB0-N04-40M_AT-MM-UART_V01.00_AC0_0FN_YYMMDD.zip | T6: =IF(B6="","",IF(LEN(B6)<>3,"3자리 아님",IF(SUMPRODUCT(--ISERROR(FIND(MID(B6,{1,2,3},1),"ABCDEFGHIJKLMNOPQRSTUVWXYZ0123456789")))>0,"문자 오류",IF(COUNTIF(코드목록!$B$2:$B$20,LEFT(B6,1))=0,"구분 오류",IF(AND(LEFT(B6,1)="M",RIGHT(B6,1)<>"0"),"모듈 리비전은 0",IF(AND(LEFT(B6,1)<>"M",RIGHT(B6,1)="0"),"리비전은 1부터",IF(COUNTIF($B$5:$B$200,B6)>1,"중복","OK"))))))) -> OK | U6: =IF(B6="","",IF(COUNTIF(칩코드!$A$5:$A$60,E6)=0,"칩 미등록",IF(AND(OR(LEFT(B6,1)="C",LEFT(B6,1)="D"),I6=""),"고객 코드 필요",IF(AND(I6<>"",COUNTIF(고객코드!$A$5:$A$200,I6)=0),"고객 미등록",IF(AND(N6<>"",COUNTIF(고객코드!$A$5:$A$200,LEFT(N6,2))=0),"기본값 미등록",IF(AND(H6<>"",COUNTIF($B$5:$B$200,H6)=0),"이전 코드 없음","OK")))))) -> OK
A7: =IF(B7="","",ROW()-4) -> 3 | B7: MC0 | C7: =IF(B7="","",IFERROR(INDEX(코드목록!$C$2:$C$20,MATCH(LEFT(B7,1),코드목록!$B$2:$B$20,0)),"?")) -> 벤더 표준 모듈 | D7: 예비 | E7: EC3 | F7: =IF(E7="","",IFERROR(INDEX(칩코드!$C$5:$C$60,MATCH(E7,칩코드!$A$5:$A$60,0)),"?")) -> ESP32-C3 | G7: ESP32-C3-WROOM-02 | J7: N04 | K7: 40M | L7: PCB | M7: UART | N7: AC0 | O7: 2026-09-26 | R7: =IF(OR(B7="",E7="",J7="",K7=""),"",E7&"-"&B7&"-"&J7&"-"&K7) -> EC3-MC0-N04-40M | S7: =IF(R7="","","M2M_"&R7&"_AT-MM-"&IF(M7="","UART",M7)&"_V01.00_"&IF(N7="","AC0",N7)&"_0FN_YYMMDD.zip") -> M2M_EC3-MC0-N04-40M_AT-MM-UART_V01.00_AC0_0FN_YYMMDD.zip | T7: =IF(B7="","",IF(LEN(B7)<>3,"3자리 아님",IF(SUMPRODUCT(--ISERROR(FIND(MID(B7,{1,2,3},1),"ABCDEFGHIJKLMNOPQRSTUVWXYZ0123456789")))>0,"문자 오류",IF(COUNTIF(코드목록!$B$2:$B$20,LEFT(B7,1))=0,"구분 오류",IF(AND(LEFT(B7,1)="M",RIGHT(B7,1)<>"0"),"모듈 리비전은 0",IF(AND(LEFT(B7,1)<>"M",RIGHT(B7,1)="0"),"리비전은 1부터",IF(COUNTIF($B$5:$B$200,B7)>1,"중복","OK"))))))) -> OK | U7: =IF(B7="","",IF(COUNTIF(칩코드!$A$5:$A$60,E7)=0,"칩 미등록",IF(AND(OR(LEFT(B7,1)="C",LEFT(B7,1)="D"),I7=""),"고객 코드 필요",IF(AND(I7<>"",COUNTIF(고객코드!$A$5:$A$200,I7)=0),"고객 미등록",IF(AND(N7<>"",COUNTIF(고객코드!$A$5:$A$200,LEFT(N7,2))=0),"기본값 미등록",IF(AND(H7<>"",COUNTIF($B$5:$B$200,H7)=0),"이전 코드 없음","OK")))))) -> OK
A8: =IF(B8="","",ROW()-4) -> 4 | B8: MD0 | C8: =IF(B8="","",IFERROR(INDEX(코드목록!$C$2:$C$20,MATCH(LEFT(B8,1),코드목록!$B$2:$B$20,0)),"?")) -> 벤더 표준 모듈 | D8: 예비 | E8: EC3 | F8: =IF(E8="","",IFERROR(INDEX(칩코드!$C$5:$C$60,MATCH(E8,칩코드!$A$5:$A$60,0)),"?")) -> ESP32-C3 | G8: ESP32-C3-WROOM-02U | J8: N04 | K8: 40M | L8: U.FL | M8: UART | N8: AC0 | O8: 2026-09-26 | R8: =IF(OR(B8="",E8="",J8="",K8=""),"",E8&"-"&B8&"-"&J8&"-"&K8) -> EC3-MD0-N04-40M | S8: =IF(R8="","","M2M_"&R8&"_AT-MM-"&IF(M8="","UART",M8)&"_V01.00_"&IF(N8="","AC0",N8)&"_0FN_YYMMDD.zip") -> M2M_EC3-MD0-N04-40M_AT-MM-UART_V01.00_AC0_0FN_YYMMDD.zip | T8: =IF(B8="","",IF(LEN(B8)<>3,"3자리 아님",IF(SUMPRODUCT(--ISERROR(FIND(MID(B8,{1,2,3},1),"ABCDEFGHIJKLMNOPQRSTUVWXYZ0123456789")))>0,"문자 오류",IF(COUNTIF(코드목록!$B$2:$B$20,LEFT(B8,1))=0,"구분 오류",IF(AND(LEFT(B8,1)="M",RIGHT(B8,1)<>"0"),"모듈 리비전은 0",IF(AND(LEFT(B8,1)<>"M",RIGHT(B8,1)="0"),"리비전은 1부터",IF(COUNTIF($B$5:$B$200,B8)>1,"중복","OK"))))))) -> OK | U8: =IF(B8="","",IF(COUNTIF(칩코드!$A$5:$A$60,E8)=0,"칩 미등록",IF(AND(OR(LEFT(B8,1)="C",LEFT(B8,1)="D"),I8=""),"고객 코드 필요",IF(AND(I8<>"",COUNTIF(고객코드!$A$5:$A$200,I8)=0),"고객 미등록",IF(AND(N8<>"",COUNTIF(고객코드!$A$5:$A$200,LEFT(N8,2))=0),"기본값 미등록",IF(AND(H8<>"",COUNTIF($B$5:$B$200,H8)=0),"이전 코드 없음","OK")))))) -> OK
A9: =IF(B9="","",ROW()-4) -> 5 | B9: EA1 | C9: =IF(B9="","",IFERROR(INDEX(코드목록!$C$2:$C$20,MATCH(LEFT(B9,1),코드목록!$B$2:$B$20,0)),"?")) -> 자체 평가·개발 보드 | D9: 평가중 | E9: EC3 | F9: =IF(E9="","",IFERROR(INDEX(칩코드!$C$5:$C$60,MATCH(E9,칩코드!$A$5:$A$60,0)),"?")) -> ESP32-C3 | G9: M2M ESP32-C3 EV Board (Rev 1) | J9: N04 | K9: 40M | L9: PCB | M9: UART | N9: AC0 | O9: 2026-09-26 | Q9: 개발·평가용 | R9: =IF(OR(B9="",E9="",J9="",K9=""),"",E9&"-"&B9&"-"&J9&"-"&K9) -> EC3-EA1-N04-40M | S9: =IF(R9="","","M2M_"&R9&"_AT-MM-"&IF(M9="","UART",M9)&"_V01.00_"&IF(N9="","AC0",N9)&"_0FN_YYMMDD.zip") -> M2M_EC3-EA1-N04-40M_AT-MM-UART_V01.00_AC0_0FN_YYMMDD.zip | T9: =IF(B9="","",IF(LEN(B9)<>3,"3자리 아님",IF(SUMPRODUCT(--ISERROR(FIND(MID(B9,{1,2,3},1),"ABCDEFGHIJKLMNOPQRSTUVWXYZ0123456789")))>0,"문자 오류",IF(COUNTIF(코드목록!$B$2:$B$20,LEFT(B9,1))=0,"구분 오류",IF(AND(LEFT(B9,1)="M",RIGHT(B9,1)<>"0"),"모듈 리비전은 0",IF(AND(LEFT(B9,1)<>"M",RIGHT(B9,1)="0"),"리비전은 1부터",IF(COUNTIF($B$5:$B$200,B9)>1,"중복","OK"))))))) -> OK | U9: =IF(B9="","",IF(COUNTIF(칩코드!$A$5:$A$60,E9)=0,"칩 미등록",IF(AND(OR(LEFT(B9,1)="C",LEFT(B9,1)="D"),I9=""),"고객 코드 필요",IF(AND(I9<>"",COUNTIF(고객코드!$A$5:$A$200,I9)=0),"고객 미등록",IF(AND(N9<>"",COUNTIF(고객코드!$A$5:$A$200,LEFT(N9,2))=0),"기본값 미등록",IF(AND(H9<>"",COUNTIF($B$5:$B$200,H9)=0),"이전 코드 없음","OK")))))) -> OK
A10: =IF(B10="","",ROW()-4) -> 6 | B10: CA1 | C10: =IF(B10="","",IFERROR(INDEX(코드목록!$C$2:$C$20,MATCH(LEFT(B10,1),코드목록!$B$2:$B$20,0)),"?")) -> 고객 보드 | D10: 예시 | E10: EC2 | F10: =IF(E10="","",IFERROR(INDEX(칩코드!$C$5:$C$60,MATCH(E10,칩코드!$A$5:$A$60,0)),"?")) -> ESP32-C2 | G10: (예시) 고객 BA 보드 A (Rev 1) | I10: BA | J10: N02 | K10: 26M | L10: PCB | M10: UART | N10: BA1 | O10: 2026-09-26 | Q10: 형식 예시 — 펌웨어가 달라지는 변경 시 CA2로 새 행 추가, 이전 코드=CA1 | R10: =IF(OR(B10="",E10="",J10="",K10=""),"",E10&"-"&B10&"-"&J10&"-"&K10) -> EC2-CA1-N02-26M | S10: =IF(R10="","","M2M_"&R10&"_AT-MM-"&IF(M10="","UART",M10)&"_V01.00_"&IF(N10="","AC0",N10)&"_0FN_YYMMDD.zip") -> M2M_EC2-CA1-N02-26M_AT-MM-UART_V01.00_BA1_0FN_YYMMDD.zip | T10: =IF(B10="","",IF(LEN(B10)<>3,"3자리 아님",IF(SUMPRODUCT(--ISERROR(FIND(MID(B10,{1,2,3},1),"ABCDEFGHIJKLMNOPQRSTUVWXYZ0123456789")))>0,"문자 오류",IF(COUNTIF(코드목록!$B$2:$B$20,LEFT(B10,1))=0,"구분 오류",IF(AND(LEFT(B10,1)="M",RIGHT(B10,1)<>"0"),"모듈 리비전은 0",IF(AND(LEFT(B10,1)<>"M",RIGHT(B10,1)="0"),"리비전은 1부터",IF(COUNTIF($B$5:$B$200,B10)>1,"중복","OK"))))))) -> OK | U10: =IF(B10="","",IF(COUNTIF(칩코드!$A$5:$A$60,E10)=0,"칩 미등록",IF(AND(OR(LEFT(B10,1)="C",LEFT(B10,1)="D"),I10=""),"고객 코드 필요",IF(AND(I10<>"",COUNTIF(고객코드!$A$5:$A$200,I10)=0),"고객 미등록",IF(AND(N10<>"",COUNTIF(고객코드!$A$5:$A$200,LEFT(N10,2))=0),"기본값 미등록",IF(AND(H10<>"",COUNTIF($B$5:$B$200,H10)=0),"이전 코드 없음","OK")))))) -> OK
A11: =IF(B11="","",ROW()-4) | C11: =IF(B11="","",IFERROR(INDEX(코드목록!$C$2:$C$20,MATCH(LEFT(B11,1),코드목록!$B$2:$B$20,0)),"?")) | F11: =IF(E11="","",IFERROR(INDEX(칩코드!$C$5:$C$60,MATCH(E11,칩코드!$A$5:$A$60,0)),"?")) | R11: =IF(OR(B11="",E11="",J11="",K11=""),"",E11&"-"&B11&"-"&J11&"-"&K11) | S11: =IF(R11="","","M2M_"&R11&"_AT-MM-"&IF(M11="","UART",M11)&"_V01.00_"&IF(N11="","AC0",N11)&"_0FN_YYMMDD.zip") | T11: =IF(B11="","",IF(LEN(B11)<>3,"3자리 아님",IF(SUMPRODUCT(--ISERROR(FIND(MID(B11,{1,2,3},1),"ABCDEFGHIJKLMNOPQRSTUVWXYZ0123456789")))>0,"문자 오류",IF(COUNTIF(코드목록!$B$2:$B$20,LEFT(B11,1))=0,"구분 오류",IF(AND(LEFT(B11,1)="M",RIGHT(B11,1)<>"0"),"모듈 리비전은 0",IF(AND(LEFT(B11,1)<>"M",RIGHT(B11,1)="0"),"리비전은 1부터",IF(COUNTIF($B$5:$B$200,B11)>1,"중복","OK"))))))) | U11: =IF(B11="","",IF(COUNTIF(칩코드!$A$5:$A$60,E11)=0,"칩 미등록",IF(AND(OR(LEFT(B11,1)="C",LEFT(B11,1)="D"),I11=""),"고객 코드 필요",IF(AND(I11<>"",COUNTIF(고객코드!$A$5:$A$200,I11)=0),"고객 미등록",IF(AND(N11<>"",COUNTIF(고객코드!$A$5:$A$200,LEFT(N11,2))=0),"기본값 미등록",IF(AND(H11<>"",COUNTIF($B$5:$B$200,H11)=0),"이전 코드 없음","OK"))))))
A12: =IF(B12="","",ROW()-4) | C12: =IF(B12="","",IFERROR(INDEX(코드목록!$C$2:$C$20,MATCH(LEFT(B12,1),코드목록!$B$2:$B$20,0)),"?")) | F12: =IF(E12="","",IFERROR(INDEX(칩코드!$C$5:$C$60,MATCH(E12,칩코드!$A$5:$A$60,0)),"?")) | R12: =IF(OR(B12="",E12="",J12="",K12=""),"",E12&"-"&B12&"-"&J12&"-"&K12) | S12: =IF(R12="","","M2M_"&R12&"_AT-MM-"&IF(M12="","UART",M12)&"_V01.00_"&IF(N12="","AC0",N12)&"_0FN_YYMMDD.zip") | T12: =IF(B12="","",IF(LEN(B12)<>3,"3자리 아님",IF(SUMPRODUCT(--ISERROR(FIND(MID(B12,{1,2,3},1),"ABCDEFGHIJKLMNOPQRSTUVWXYZ0123456789")))>0,"문자 오류",IF(COUNTIF(코드목록!$B$2:$B$20,LEFT(B12,1))=0,"구분 오류",IF(AND(LEFT(B12,1)="M",RIGHT(B12,1)<>"0"),"모듈 리비전은 0",IF(AND(LEFT(B12,1)<>"M",RIGHT(B12,1)="0"),"리비전은 1부터",IF(COUNTIF($B$5:$B$200,B12)>1,"중복","OK"))))))) | U12: =IF(B12="","",IF(COUNTIF(칩코드!$A$5:$A$60,E12)=0,"칩 미등록",IF(AND(OR(LEFT(B12,1)="C",LEFT(B12,1)="D"),I12=""),"고객 코드 필요",IF(AND(I12<>"",COUNTIF(고객코드!$A$5:$A$200,I12)=0),"고객 미등록",IF(AND(N12<>"",COUNTIF(고객코드!$A$5:$A$200,LEFT(N12,2))=0),"기본값 미등록",IF(AND(H12<>"",COUNTIF($B$5:$B$200,H12)=0),"이전 코드 없음","OK"))))))
A13: =IF(B13="","",ROW()-4) | C13: =IF(B13="","",IFERROR(INDEX(코드목록!$C$2:$C$20,MATCH(LEFT(B13,1),코드목록!$B$2:$B$20,0)),"?")) | F13: =IF(E13="","",IFERROR(INDEX(칩코드!$C$5:$C$60,MATCH(E13,칩코드!$A$5:$A$60,0)),"?")) | R13: =IF(OR(B13="",E13="",J13="",K13=""),"",E13&"-"&B13&"-"&J13&"-"&K13) | S13: =IF(R13="","","M2M_"&R13&"_AT-MM-"&IF(M13="","UART",M13)&"_V01.00_"&IF(N13="","AC0",N13)&"_0FN_YYMMDD.zip") | T13: =IF(B13="","",IF(LEN(B13)<>3,"3자리 아님",IF(SUMPRODUCT(--ISERROR(FIND(MID(B13,{1,2,3},1),"ABCDEFGHIJKLMNOPQRSTUVWXYZ0123456789")))>0,"문자 오류",IF(COUNTIF(코드목록!$B$2:$B$20,LEFT(B13,1))=0,"구분 오류",IF(AND(LEFT(B13,1)="M",RIGHT(B13,1)<>"0"),"모듈 리비전은 0",IF(AND(LEFT(B13,1)<>"M",RIGHT(B13,1)="0"),"리비전은 1부터",IF(COUNTIF($B$5:$B$200,B13)>1,"중복","OK"))))))) | U13: =IF(B13="","",IF(COUNTIF(칩코드!$A$5:$A$60,E13)=0,"칩 미등록",IF(AND(OR(LEFT(B13,1)="C",LEFT(B13,1)="D"),I13=""),"고객 코드 필요",IF(AND(I13<>"",COUNTIF(고객코드!$A$5:$A$200,I13)=0),"고객 미등록",IF(AND(N13<>"",COUNTIF(고객코드!$A$5:$A$200,LEFT(N13,2))=0),"기본값 미등록",IF(AND(H13<>"",COUNTIF($B$5:$B$200,H13)=0),"이전 코드 없음","OK"))))))
A14: =IF(B14="","",ROW()-4) | C14: =IF(B14="","",IFERROR(INDEX(코드목록!$C$2:$C$20,MATCH(LEFT(B14,1),코드목록!$B$2:$B$20,0)),"?")) | F14: =IF(E14="","",IFERROR(INDEX(칩코드!$C$5:$C$60,MATCH(E14,칩코드!$A$5:$A$60,0)),"?")) | R14: =IF(OR(B14="",E14="",J14="",K14=""),"",E14&"-"&B14&"-"&J14&"-"&K14) | S14: =IF(R14="","","M2M_"&R14&"_AT-MM-"&IF(M14="","UART",M14)&"_V01.00_"&IF(N14="","AC0",N14)&"_0FN_YYMMDD.zip") | T14: =IF(B14="","",IF(LEN(B14)<>3,"3자리 아님",IF(SUMPRODUCT(--ISERROR(FIND(MID(B14,{1,2,3},1),"ABCDEFGHIJKLMNOPQRSTUVWXYZ0123456789")))>0,"문자 오류",IF(COUNTIF(코드목록!$B$2:$B$20,LEFT(B14,1))=0,"구분 오류",IF(AND(LEFT(B14,1)="M",RIGHT(B14,1)<>"0"),"모듈 리비전은 0",IF(AND(LEFT(B14,1)<>"M",RIGHT(B14,1)="0"),"리비전은 1부터",IF(COUNTIF($B$5:$B$200,B14)>1,"중복","OK"))))))) | U14: =IF(B14="","",IF(COUNTIF(칩코드!$A$5:$A$60,E14)=0,"칩 미등록",IF(AND(OR(LEFT(B14,1)="C",LEFT(B14,1)="D"),I14=""),"고객 코드 필요",IF(AND(I14<>"",COUNTIF(고객코드!$A$5:$A$200,I14)=0),"고객 미등록",IF(AND(N14<>"",COUNTIF(고객코드!$A$5:$A$200,LEFT(N14,2))=0),"기본값 미등록",IF(AND(H14<>"",COUNTIF($B$5:$B$200,H14)=0),"이전 코드 없음","OK"))))))
A15: =IF(B15="","",ROW()-4) | C15: =IF(B15="","",IFERROR(INDEX(코드목록!$C$2:$C$20,MATCH(LEFT(B15,1),코드목록!$B$2:$B$20,0)),"?")) | F15: =IF(E15="","",IFERROR(INDEX(칩코드!$C$5:$C$60,MATCH(E15,칩코드!$A$5:$A$60,0)),"?")) | R15: =IF(OR(B15="",E15="",J15="",K15=""),"",E15&"-"&B15&"-"&J15&"-"&K15) | S15: =IF(R15="","","M2M_"&R15&"_AT-MM-"&IF(M15="","UART",M15)&"_V01.00_"&IF(N15="","AC0",N15)&"_0FN_YYMMDD.zip") | T15: =IF(B15="","",IF(LEN(B15)<>3,"3자리 아님",IF(SUMPRODUCT(--ISERROR(FIND(MID(B15,{1,2,3},1),"ABCDEFGHIJKLMNOPQRSTUVWXYZ0123456789")))>0,"문자 오류",IF(COUNTIF(코드목록!$B$2:$B$20,LEFT(B15,1))=0,"구분 오류",IF(AND(LEFT(B15,1)="M",RIGHT(B15,1)<>"0"),"모듈 리비전은 0",IF(AND(LEFT(B15,1)<>"M",RIGHT(B15,1)="0"),"리비전은 1부터",IF(COUNTIF($B$5:$B$200,B15)>1,"중복","OK"))))))) | U15: =IF(B15="","",IF(COUNTIF(칩코드!$A$5:$A$60,E15)=0,"칩 미등록",IF(AND(OR(LEFT(B15,1)="C",LEFT(B15,1)="D"),I15=""),"고객 코드 필요",IF(AND(I15<>"",COUNTIF(고객코드!$A$5:$A$200,I15)=0),"고객 미등록",IF(AND(N15<>"",COUNTIF(고객코드!$A$5:$A$200,LEFT(N15,2))=0),"기본값 미등록",IF(AND(H15<>"",COUNTIF($B$5:$B$200,H15)=0),"이전 코드 없음","OK"))))))
A16: =IF(B16="","",ROW()-4) | C16: =IF(B16="","",IFERROR(INDEX(코드목록!$C$2:$C$20,MATCH(LEFT(B16,1),코드목록!$B$2:$B$20,0)),"?")) | F16: =IF(E16="","",IFERROR(INDEX(칩코드!$C$5:$C$60,MATCH(E16,칩코드!$A$5:$A$60,0)),"?")) | R16: =IF(OR(B16="",E16="",J16="",K16=""),"",E16&"-"&B16&"-"&J16&"-"&K16) | S16: =IF(R16="","","M2M_"&R16&"_AT-MM-"&IF(M16="","UART",M16)&"_V01.00_"&IF(N16="","AC0",N16)&"_0FN_YYMMDD.zip") | T16: =IF(B16="","",IF(LEN(B16)<>3,"3자리 아님",IF(SUMPRODUCT(--ISERROR(FIND(MID(B16,{1,2,3},1),"ABCDEFGHIJKLMNOPQRSTUVWXYZ0123456789")))>0,"문자 오류",IF(COUNTIF(코드목록!$B$2:$B$20,LEFT(B16,1))=0,"구분 오류",IF(AND(LEFT(B16,1)="M",RIGHT(B16,1)<>"0"),"모듈 리비전은 0",IF(AND(LEFT(B16,1)<>"M",RIGHT(B16,1)="0"),"리비전은 1부터",IF(COUNTIF($B$5:$B$200,B16)>1,"중복","OK"))))))) | U16: =IF(B16="","",IF(COUNTIF(칩코드!$A$5:$A$60,E16)=0,"칩 미등록",IF(AND(OR(LEFT(B16,1)="C",LEFT(B16,1)="D"),I16=""),"고객 코드 필요",IF(AND(I16<>"",COUNTIF(고객코드!$A$5:$A$200,I16)=0),"고객 미등록",IF(AND(N16<>"",COUNTIF(고객코드!$A$5:$A$200,LEFT(N16,2))=0),"기본값 미등록",IF(AND(H16<>"",COUNTIF($B$5:$B$200,H16)=0),"이전 코드 없음","OK"))))))
A17: =IF(B17="","",ROW()-4) | C17: =IF(B17="","",IFERROR(INDEX(코드목록!$C$2:$C$20,MATCH(LEFT(B17,1),코드목록!$B$2:$B$20,0)),"?")) | F17: =IF(E17="","",IFERROR(INDEX(칩코드!$C$5:$C$60,MATCH(E17,칩코드!$A$5:$A$60,0)),"?")) | R17: =IF(OR(B17="",E17="",J17="",K17=""),"",E17&"-"&B17&"-"&J17&"-"&K17) | S17: =IF(R17="","","M2M_"&R17&"_AT-MM-"&IF(M17="","UART",M17)&"_V01.00_"&IF(N17="","AC0",N17)&"_0FN_YYMMDD.zip") | T17: =IF(B17="","",IF(LEN(B17)<>3,"3자리 아님",IF(SUMPRODUCT(--ISERROR(FIND(MID(B17,{1,2,3},1),"ABCDEFGHIJKLMNOPQRSTUVWXYZ0123456789")))>0,"문자 오류",IF(COUNTIF(코드목록!$B$2:$B$20,LEFT(B17,1))=0,"구분 오류",IF(AND(LEFT(B17,1)="M",RIGHT(B17,1)<>"0"),"모듈 리비전은 0",IF(AND(LEFT(B17,1)<>"M",RIGHT(B17,1)="0"),"리비전은 1부터",IF(COUNTIF($B$5:$B$200,B17)>1,"중복","OK"))))))) | U17: =IF(B17="","",IF(COUNTIF(칩코드!$A$5:$A$60,E17)=0,"칩 미등록",IF(AND(OR(LEFT(B17,1)="C",LEFT(B17,1)="D"),I17=""),"고객 코드 필요",IF(AND(I17<>"",COUNTIF(고객코드!$A$5:$A$200,I17)=0),"고객 미등록",IF(AND(N17<>"",COUNTIF(고객코드!$A$5:$A$200,LEFT(N17,2))=0),"기본값 미등록",IF(AND(H17<>"",COUNTIF($B$5:$B$200,H17)=0),"이전 코드 없음","OK"))))))
A18: =IF(B18="","",ROW()-4) | C18: =IF(B18="","",IFERROR(INDEX(코드목록!$C$2:$C$20,MATCH(LEFT(B18,1),코드목록!$B$2:$B$20,0)),"?")) | F18: =IF(E18="","",IFERROR(INDEX(칩코드!$C$5:$C$60,MATCH(E18,칩코드!$A$5:$A$60,0)),"?")) | R18: =IF(OR(B18="",E18="",J18="",K18=""),"",E18&"-"&B18&"-"&J18&"-"&K18) | S18: =IF(R18="","","M2M_"&R18&"_AT-MM-"&IF(M18="","UART",M18)&"_V01.00_"&IF(N18="","AC0",N18)&"_0FN_YYMMDD.zip") | T18: =IF(B18="","",IF(LEN(B18)<>3,"3자리 아님",IF(SUMPRODUCT(--ISERROR(FIND(MID(B18,{1,2,3},1),"ABCDEFGHIJKLMNOPQRSTUVWXYZ0123456789")))>0,"문자 오류",IF(COUNTIF(코드목록!$B$2:$B$20,LEFT(B18,1))=0,"구분 오류",IF(AND(LEFT(B18,1)="M",RIGHT(B18,1)<>"0"),"모듈 리비전은 0",IF(AND(LEFT(B18,1)<>"M",RIGHT(B18,1)="0"),"리비전은 1부터",IF(COUNTIF($B$5:$B$200,B18)>1,"중복","OK"))))))) | U18: =IF(B18="","",IF(COUNTIF(칩코드!$A$5:$A$60,E18)=0,"칩 미등록",IF(AND(OR(LEFT(B18,1)="C",LEFT(B18,1)="D"),I18=""),"고객 코드 필요",IF(AND(I18<>"",COUNTIF(고객코드!$A$5:$A$200,I18)=0),"고객 미등록",IF(AND(N18<>"",COUNTIF(고객코드!$A$5:$A$200,LEFT(N18,2))=0),"기본값 미등록",IF(AND(H18<>"",COUNTIF($B$5:$B$200,H18)=0),"이전 코드 없음","OK"))))))
A19: =IF(B19="","",ROW()-4) | C19: =IF(B19="","",IFERROR(INDEX(코드목록!$C$2:$C$20,MATCH(LEFT(B19,1),코드목록!$B$2:$B$20,0)),"?")) | F19: =IF(E19="","",IFERROR(INDEX(칩코드!$C$5:$C$60,MATCH(E19,칩코드!$A$5:$A$60,0)),"?")) | R19: =IF(OR(B19="",E19="",J19="",K19=""),"",E19&"-"&B19&"-"&J19&"-"&K19) | S19: =IF(R19="","","M2M_"&R19&"_AT-MM-"&IF(M19="","UART",M19)&"_V01.00_"&IF(N19="","AC0",N19)&"_0FN_YYMMDD.zip") | T19: =IF(B19="","",IF(LEN(B19)<>3,"3자리 아님",IF(SUMPRODUCT(--ISERROR(FIND(MID(B19,{1,2,3},1),"ABCDEFGHIJKLMNOPQRSTUVWXYZ0123456789")))>0,"문자 오류",IF(COUNTIF(코드목록!$B$2:$B$20,LEFT(B19,1))=0,"구분 오류",IF(AND(LEFT(B19,1)="M",RIGHT(B19,1)<>"0"),"모듈 리비전은 0",IF(AND(LEFT(B19,1)<>"M",RIGHT(B19,1)="0"),"리비전은 1부터",IF(COUNTIF($B$5:$B$200,B19)>1,"중복","OK"))))))) | U19: =IF(B19="","",IF(COUNTIF(칩코드!$A$5:$A$60,E19)=0,"칩 미등록",IF(AND(OR(LEFT(B19,1)="C",LEFT(B19,1)="D"),I19=""),"고객 코드 필요",IF(AND(I19<>"",COUNTIF(고객코드!$A$5:$A$200,I19)=0),"고객 미등록",IF(AND(N19<>"",COUNTIF(고객코드!$A$5:$A$200,LEFT(N19,2))=0),"기본값 미등록",IF(AND(H19<>"",COUNTIF($B$5:$B$200,H19)=0),"이전 코드 없음","OK"))))))
A20: =IF(B20="","",ROW()-4) | C20: =IF(B20="","",IFERROR(INDEX(코드목록!$C$2:$C$20,MATCH(LEFT(B20,1),코드목록!$B$2:$B$20,0)),"?")) | F20: =IF(E20="","",IFERROR(INDEX(칩코드!$C$5:$C$60,MATCH(E20,칩코드!$A$5:$A$60,0)),"?")) | R20: =IF(OR(B20="",E20="",J20="",K20=""),"",E20&"-"&B20&"-"&J20&"-"&K20) | S20: =IF(R20="","","M2M_"&R20&"_AT-MM-"&IF(M20="","UART",M20)&"_V01.00_"&IF(N20="","AC0",N20)&"_0FN_YYMMDD.zip") | T20: =IF(B20="","",IF(LEN(B20)<>3,"3자리 아님",IF(SUMPRODUCT(--ISERROR(FIND(MID(B20,{1,2,3},1),"ABCDEFGHIJKLMNOPQRSTUVWXYZ0123456789")))>0,"문자 오류",IF(COUNTIF(코드목록!$B$2:$B$20,LEFT(B20,1))=0,"구분 오류",IF(AND(LEFT(B20,1)="M",RIGHT(B20,1)<>"0"),"모듈 리비전은 0",IF(AND(LEFT(B20,1)<>"M",RIGHT(B20,1)="0"),"리비전은 1부터",IF(COUNTIF($B$5:$B$200,B20)>1,"중복","OK"))))))) | U20: =IF(B20="","",IF(COUNTIF(칩코드!$A$5:$A$60,E20)=0,"칩 미등록",IF(AND(OR(LEFT(B20,1)="C",LEFT(B20,1)="D"),I20=""),"고객 코드 필요",IF(AND(I20<>"",COUNTIF(고객코드!$A$5:$A$200,I20)=0),"고객 미등록",IF(AND(N20<>"",COUNTIF(고객코드!$A$5:$A$200,LEFT(N20,2))=0),"기본값 미등록",IF(AND(H20<>"",COUNTIF($B$5:$B$200,H20)=0),"이전 코드 없음","OK"))))))
A21: =IF(B21="","",ROW()-4) | C21: =IF(B21="","",IFERROR(INDEX(코드목록!$C$2:$C$20,MATCH(LEFT(B21,1),코드목록!$B$2:$B$20,0)),"?")) | F21: =IF(E21="","",IFERROR(INDEX(칩코드!$C$5:$C$60,MATCH(E21,칩코드!$A$5:$A$60,0)),"?")) | R21: =IF(OR(B21="",E21="",J21="",K21=""),"",E21&"-"&B21&"-"&J21&"-"&K21) | S21: =IF(R21="","","M2M_"&R21&"_AT-MM-"&IF(M21="","UART",M21)&"_V01.00_"&IF(N21="","AC0",N21)&"_0FN_YYMMDD.zip") | T21: =IF(B21="","",IF(LEN(B21)<>3,"3자리 아님",IF(SUMPRODUCT(--ISERROR(FIND(MID(B21,{1,2,3},1),"ABCDEFGHIJKLMNOPQRSTUVWXYZ0123456789")))>0,"문자 오류",IF(COUNTIF(코드목록!$B$2:$B$20,LEFT(B21,1))=0,"구분 오류",IF(AND(LEFT(B21,1)="M",RIGHT(B21,1)<>"0"),"모듈 리비전은 0",IF(AND(LEFT(B21,1)<>"M",RIGHT(B21,1)="0"),"리비전은 1부터",IF(COUNTIF($B$5:$B$200,B21)>1,"중복","OK"))))))) | U21: =IF(B21="","",IF(COUNTIF(칩코드!$A$5:$A$60,E21)=0,"칩 미등록",IF(AND(OR(LEFT(B21,1)="C",LEFT(B21,1)="D"),I21=""),"고객 코드 필요",IF(AND(I21<>"",COUNTIF(고객코드!$A$5:$A$200,I21)=0),"고객 미등록",IF(AND(N21<>"",COUNTIF(고객코드!$A$5:$A$200,LEFT(N21,2))=0),"기본값 미등록",IF(AND(H21<>"",COUNTIF($B$5:$B$200,H21)=0),"이전 코드 없음","OK"))))))
A22: =IF(B22="","",ROW()-4) | C22: =IF(B22="","",IFERROR(INDEX(코드목록!$C$2:$C$20,MATCH(LEFT(B22,1),코드목록!$B$2:$B$20,0)),"?")) | F22: =IF(E22="","",IFERROR(INDEX(칩코드!$C$5:$C$60,MATCH(E22,칩코드!$A$5:$A$60,0)),"?")) | R22: =IF(OR(B22="",E22="",J22="",K22=""),"",E22&"-"&B22&"-"&J22&"-"&K22) | S22: =IF(R22="","","M2M_"&R22&"_AT-MM-"&IF(M22="","UART",M22)&"_V01.00_"&IF(N22="","AC0",N22)&"_0FN_YYMMDD.zip") | T22: =IF(B22="","",IF(LEN(B22)<>3,"3자리 아님",IF(SUMPRODUCT(--ISERROR(FIND(MID(B22,{1,2,3},1),"ABCDEFGHIJKLMNOPQRSTUVWXYZ0123456789")))>0,"문자 오류",IF(COUNTIF(코드목록!$B$2:$B$20,LEFT(B22,1))=0,"구분 오류",IF(AND(LEFT(B22,1)="M",RIGHT(B22,1)<>"0"),"모듈 리비전은 0",IF(AND(LEFT(B22,1)<>"M",RIGHT(B22,1)="0"),"리비전은 1부터",IF(COUNTIF($B$5:$B$200,B22)>1,"중복","OK"))))))) | U22: =IF(B22="","",IF(COUNTIF(칩코드!$A$5:$A$60,E22)=0,"칩 미등록",IF(AND(OR(LEFT(B22,1)="C",LEFT(B22,1)="D"),I22=""),"고객 코드 필요",IF(AND(I22<>"",COUNTIF(고객코드!$A$5:$A$200,I22)=0),"고객 미등록",IF(AND(N22<>"",COUNTIF(고객코드!$A$5:$A$200,LEFT(N22,2))=0),"기본값 미등록",IF(AND(H22<>"",COUNTIF($B$5:$B$200,H22)=0),"이전 코드 없음","OK"))))))
... A200: =IF(B200="","",ROW()-4) | C200: =IF(B200="","",IFERROR(INDEX(코드목록!$C$2:$C$20,MATCH(LEFT(B200,1),코드목록!$B$2:$B$20,0)),"?")) | F200: =IF(E200="","",IFERROR(INDEX(칩코드!$C$5:$C$60,MATCH(E200,칩코드!$A$5:$A$60,0)),"?")) | R200: =IF(OR(B200="",E200="",J200="",K200=""),"",E200&"-"&B200&"-"&J200&"-"&K200) | S200: =IF(R200="","","M2M_"&R200&"_AT-MM-"&IF(M200="","UART",M200)&"_V01.00_"&IF(N200="","AC0",N200)&"_0FN_YYMMDD.zip") | T200: =IF(B200="","",IF(LEN(B200)<>3,"3자리 아님",IF(SUMPRODUCT(--ISERROR(FIND(MID(B200,{1,2,3},1),"ABCDEFGHIJKLMNOPQRSTUVWXYZ0123456789")))>0,"문자 오류",IF(COUNTIF(코드목록!$B$2:$B$20,LEFT(B200,1))=0,"구분 오류",IF(AND(LEFT(B200,1)="M",RIGHT(B200,1)<>"0"),"모듈 리비전은 0",IF(AND(LEFT(B200,1)<>"M",RIGHT(B200,1)="0"),"리비전은 1부터",IF(COUNTIF($B$5:$B$200,B200)>1,"중복","OK"))))))) | U200: =IF(B200="","",IF(COUNTIF(칩코드!$A$5:$A$60,E200)=0,"칩 미등록",IF(AND(OR(LEFT(B200,1)="C",LEFT(B200,1)="D"),I200=""),"고객 코드 필요",IF(AND(I200<>"",COUNTIF(고객코드!$A$5:$A$200,I200)=0),"고객 미등록",IF(AND(N200<>"",COUNTIF(고객코드!$A$5:$A$200,LEFT(N200,2))=0),"기본값 미등록",IF(AND(H200<>"",COUNTIF($B$5:$B$200,H200)=0),"이전 코드 없음","OK"))))))

Sheet 작성규칙
A1: 코드 할당 규칙
A3: 근거 문서 | B3: M2M_SW Release Naming Guide v2.0 — 4.2절(HW 세그먼트), 4.3절(FW 세그먼트 CMD), 4.5절(CUSTOMER)
A4: 파일명 구조 | B4: M2M_<CHIP>-<BOARD>-<FLASH>-<CLK>_<APP>-<CMD>-<IF>_V<MM>.<NN>_<CUSTOMER><REL>_<CONFIG>_<YYMMDD> 예) M2M_EC3-MA0-N04-40M_AT-MM-UART_V01.00_AC0_0FN_260926.zip
A5: 3자리 고정 | B5: CHIP, BOARD, FLASH, CLK는 모두 3자리 고정 코드. 실제 칩·보드 이름은 이 대장에서만 찾는다 (파일명에 긴 이름을 쓰지 않음)
A6: CHIP | B6: <벤더 1자><칩 2자>. 벤더 문자는 "벤더코드" 시트, 칩 코드는 "칩코드" 시트에 먼저 등록 (예: EC3 = Espressif ESP32-C3)
A7: BOARD | B7: <구분 1자><일련 1자><리비전 1자>. 구분 M 벤더 모듈 / E 평가 보드 / P 제품 보드 / C·D 고객 보드 / T 시험 지그. 일련은 구분별 0~9, A~Z 순서
A8: 리비전 | B8: 벤더 모듈은 0 고정. 자체·고객 보드는 1부터 1~9, A~Z. 펌웨어가 달라지는 변경(UART 등 핀맵, 안테나 스위치, 플래시 용량, XTAL, 전원 제어 GPIO)이 있을 때만 올린다
A9: 리비전 올릴 때 | B9: 기존 행은 그대로 두고 새 행을 추가, "이전 코드"에 대체 대상을 기입. 기존 코드는 필요 시 상태를 "단종"으로
A10: 고객 보드 | B10: C·D 보드는 "고객 코드" 열 필수. 어느 고객의 보드인지는 코드가 아니라 이 열로 관리
A11: CMD | B11: "명령체계코드" 시트. AT 명령 체계 영문 대문자 2자리, 기본값 MM(M2M-AT). 타사 호환 체계(IC, ES 등)는 등록 후 사용. AT 명령이 없는 펌웨어는 NA
A12: FLASH / CLK | B12: FLASH: N01~N16(일반), H02~H08(고온). CLK: 24M/26M/32M/40M/52M
A13: CUSTOMER | B13: "고객코드" 시트. AA 내부 공통, AC ESP32-C3 표준 보드 기본값(AC0), BA부터 고객사, Z* 예비
A14: 장치 SW 버전 | B14: 펌웨어가 SYS_VER·OTA_CHECK로 보고하는 버전은 <MM>.<NN> 형식(예 01.00)만. 고객 코드(예 AC0)는 SYS_VER의 별도 필드로 보고. 이 대장의 코드들은 파일명과 이미지 ID(<HW>_<CMD>_<CUSTOMER>, 예 EC3-MA0-N04-40M_MM_AC0)에만 쓰고 버전 문자열에는 넣지 않는다
... A17: 핀맵 | B17: UART 등 보드 핀맵은 이 대장에 기록하지 않는다. 보드별 빌드 설정(CONFIG)에서 확인한다. 핀맵이 바뀌어 설정이 달라지면 보드 리비전을 올린다

Sheet 코드목록
A1: 상태 | B1: 보드 구분 문자 | C1: 보드 구분 의미 | D1: FLASH | E1: CLK | F1: 안테나 | G1: Host IF | I1: 드롭다운 원본 값. 값을 추가할 때는 해당 열 아래에 이어 쓴다 (행 2~20 범위). B·C열(보드 구분)은 같은 행끼리 짝을 이룬다.
A2: 사용 | B2: M | C2: 벤더 표준 모듈 | D2: N01 | E2: 24M | F2: PCB | G2: UART
A3: 예비 | B3: E | C3: 자체 평가·개발 보드 | D3: N02 | E3: 26M | F3: U.FL | G3: SPI
A4: 평가중 | B4: P | C4: 자체 제품 보드 | D4: N04 | E4: 32M | F4: 칩 안테나 | G4: SDIO
A5: 단종 | B5: C | C5: 고객 보드 | D5: N08 | E5: 40M | F5: 안테나 스위치 | G5: USB
A6: 예시 | B6: D | C6: 고객 보드 (C 소진 후) | D6: N16 | E6: 52M | F6: 해당 없음 | G6: NONE
B7: T | C7: 시험 지그·양산 검사 보드 | D7: H02
D8: H04
D9: H08

Sheet 벤더코드
A1: 벤더 코드 (칩 코드 첫 글자)
A2: 칩 코드 3자리 중 첫 글자. 영문 대문자 1자. 한 번 할당한 문자는 재사용하지 않는다.
A4: 벤더 문자 | B4: 벤더 | C4: 상태 | D4: 등록일 | E4: 비고 | F4: 검사 (자동)
A5: E | B5: Espressif Systems | C5: 사용 | D5: 2026-09-26 | E5: ESP32 계열 | F5: =IF(A5="","",IF(OR(LEN(A5)<>1,ISERROR(FIND(A5,"ABCDEFGHIJKLMNOPQRSTUVWXYZ"))),"형식 오류",IF(COUNTIF($A$5:$A$40,A5)>1,"중복","OK"))) -> OK
A6: R | B6: Realtek | C6: 예비 | D6: 2026-09-26 | E6: 제안값 — 채택 시 "사용"으로 변경 | F6: =IF(A6="","",IF(OR(LEN(A6)<>1,ISERROR(FIND(A6,"ABCDEFGHIJKLMNOPQRSTUVWXYZ"))),"형식 오류",IF(COUNTIF($A$5:$A$40,A6)>1,"중복","OK"))) -> OK
A7: B | B7: Beken | C7: 예비 | D7: 2026-09-26 | E7: 제안값 | F7: =IF(A7="","",IF(OR(LEN(A7)<>1,ISERROR(FIND(A7,"ABCDEFGHIJKLMNOPQRSTUVWXYZ"))),"형식 오류",IF(COUNTIF($A$5:$A$40,A7)>1,"중복","OK"))) -> OK
A8: I | B8: Infineon (Cypress) | C8: 예비 | D8: 2026-09-26 | E8: 제안값 | F8: =IF(A8="","",IF(OR(LEN(A8)<>1,ISERROR(FIND(A8,"ABCDEFGHIJKLMNOPQRSTUVWXYZ"))),"형식 오류",IF(COUNTIF($A$5:$A$40,A8)>1,"중복","OK"))) -> OK
A9: N | B9: Nordic Semiconductor | C9: 예비 | D9: 2026-09-26 | E9: 제안값 | F9: =IF(A9="","",IF(OR(LEN(A9)<>1,ISERROR(FIND(A9,"ABCDEFGHIJKLMNOPQRSTUVWXYZ"))),"형식 오류",IF(COUNTIF($A$5:$A$40,A9)>1,"중복","OK"))) -> OK
A10: W | B10: WinnerMicro | C10: 예비 | D10: 2026-09-26 | E10: 제안값 | F10: =IF(A10="","",IF(OR(LEN(A10)<>1,ISERROR(FIND(A10,"ABCDEFGHIJKLMNOPQRSTUVWXYZ"))),"형식 오류",IF(COUNTIF($A$5:$A$40,A10)>1,"중복","OK"))) -> OK
F11: =IF(A11="","",IF(OR(LEN(A11)<>1,ISERROR(FIND(A11,"ABCDEFGHIJKLMNOPQRSTUVWXYZ"))),"형식 오류",IF(COUNTIF($A$5:$A$40,A11)>1,"중복","OK")))
F12: =IF(A12="","",IF(OR(LEN(A12)<>1,ISERROR(FIND(A12,"ABCDEFGHIJKLMNOPQRSTUVWXYZ"))),"형식 오류",IF(COUNTIF($A$5:$A$40,A12)>1,"중복","OK")))
F13: =IF(A13="","",IF(OR(LEN(A13)<>1,ISERROR(FIND(A13,"ABCDEFGHIJKLMNOPQRSTUVWXYZ"))),"형식 오류",IF(COUNTIF($A$5:$A$40,A13)>1,"중복","OK")))
F14: =IF(A14="","",IF(OR(LEN(A14)<>1,ISERROR(FIND(A14,"ABCDEFGHIJKLMNOPQRSTUVWXYZ"))),"형식 오류",IF(COUNTIF($A$5:$A$40,A14)>1,"중복","OK")))
F15: =IF(A15="","",IF(OR(LEN(A15)<>1,ISERROR(FIND(A15,"ABCDEFGHIJKLMNOPQRSTUVWXYZ"))),"형식 오류",IF(COUNTIF($A$5:$A$40,A15)>1,"중복","OK")))
F16: =IF(A16="","",IF(OR(LEN(A16)<>1,ISERROR(FIND(A16,"ABCDEFGHIJKLMNOPQRSTUVWXYZ"))),"형식 오류",IF(COUNTIF($A$5:$A$40,A16)>1,"중복","OK")))
F17: =IF(A17="","",IF(OR(LEN(A17)<>1,ISERROR(FIND(A17,"ABCDEFGHIJKLMNOPQRSTUVWXYZ"))),"형식 오류",IF(COUNTIF($A$5:$A$40,A17)>1,"중복","OK")))
F18: =IF(A18="","",IF(OR(LEN(A18)<>1,ISERROR(FIND(A18,"ABCDEFGHIJKLMNOPQRSTUVWXYZ"))),"형식 오류",IF(COUNTIF($A$5:$A$40,A18)>1,"중복","OK")))
F19: =IF(A19="","",IF(OR(LEN(A19)<>1,ISERROR(FIND(A19,"ABCDEFGHIJKLMNOPQRSTUVWXYZ"))),"형식 오류",IF(COUNTIF($A$5:$A$40,A19)>1,"중복","OK")))
F20: =IF(A20="","",IF(OR(LEN(A20)<>1,ISERROR(FIND(A20,"ABCDEFGHIJKLMNOPQRSTUVWXYZ"))),"형식 오류",IF(COUNTIF($A$5:$A$40,A20)>1,"중복","OK")))
F21: =IF(A21="","",IF(OR(LEN(A21)<>1,ISERROR(FIND(A21,"ABCDEFGHIJKLMNOPQRSTUVWXYZ"))),"형식 오류",IF(COUNTIF($A$5:$A$40,A21)>1,"중복","OK")))
F22: =IF(A22="","",IF(OR(LEN(A22)<>1,ISERROR(FIND(A22,"ABCDEFGHIJKLMNOPQRSTUVWXYZ"))),"형식 오류",IF(COUNTIF($A$5:$A$40,A22)>1,"중복","OK")))
... F40: =IF(A40="","",IF(OR(LEN(A40)<>1,ISERROR(FIND(A40,"ABCDEFGHIJKLMNOPQRSTUVWXYZ"))),"형식 오류",IF(COUNTIF($A$5:$A$40,A40)>1,"중복","OK")))

Sheet 칩코드
A1: 칩 코드 (CHIP, 3자리 = 벤더 1자 + 칩 2자)
A2: 뒤 두 자리는 벤더별로 자유롭게 할당하되 칩을 떠올리기 쉬운 값을 쓴다 (ESP32-C3 → EC3). 벤더 문자는 벤더코드 시트에 먼저 등록한다.
A4: 칩 코드 | B4: 벤더 (자동) | C4: 칩 (부품번호) | D4: 지원 CLK | E4: SDK | F4: SDIO 슬레이브 | G4: 상태 | H4: 등록일 | I4: 비고 | J4: 검사 (자동)
A5: EC3 | B5: =IF(A5="","",IFERROR(INDEX(벤더코드!$B$5:$B$40,MATCH(LEFT(A5,1),벤더코드!$A$5:$A$40,0)),"?")) -> Espressif Systems | C5: ESP32-C3 | D5: 40M | E5: ESP-IDF v5.x | F5: 없음 | G5: 사용 | H5: 2026-09-26 | I5: 현행 표준모델, RISC-V | J5: =IF(A5="","",IF(LEN(A5)<>3,"3자리 아님",IF(SUMPRODUCT(--ISERROR(FIND(MID(A5,{1,2,3},1),"ABCDEFGHIJKLMNOPQRSTUVWXYZ0123456789")))>0,"문자 오류",IF(COUNTIF(벤더코드!$A$5:$A$40,LEFT(A5,1))=0,"벤더 미등록",IF(COUNTIF($A$5:$A$60,A5)>1,"중복","OK"))))) -> OK
A6: EC2 | B6: =IF(A6="","",IFERROR(INDEX(벤더코드!$B$5:$B$40,MATCH(LEFT(A6,1),벤더코드!$A$5:$A$40,0)),"?")) -> Espressif Systems | C6: ESP32-C2 | D6: 26M / 40M | E6: ESP-IDF v5.x | F6: 없음 | G6: 예비 | H6: 2026-09-26 | I6: XTAL 26/40 MHz 보드 모두 존재 | J6: =IF(A6="","",IF(LEN(A6)<>3,"3자리 아님",IF(SUMPRODUCT(--ISERROR(FIND(MID(A6,{1,2,3},1),"ABCDEFGHIJKLMNOPQRSTUVWXYZ0123456789")))>0,"문자 오류",IF(COUNTIF(벤더코드!$A$5:$A$40,LEFT(A6,1))=0,"벤더 미등록",IF(COUNTIF($A$5:$A$60,A6)>1,"중복","OK"))))) -> OK
A7: EC6 | B7: =IF(A7="","",IFERROR(INDEX(벤더코드!$B$5:$B$40,MATCH(LEFT(A7,1),벤더코드!$A$5:$A$40,0)),"?")) -> Espressif Systems | C7: ESP32-C6 | D7: 40M | E7: ESP-IDF v5.x | F7: 있음 | G7: 예비 | H7: 2026-09-26 | J7: =IF(A7="","",IF(LEN(A7)<>3,"3자리 아님",IF(SUMPRODUCT(--ISERROR(FIND(MID(A7,{1,2,3},1),"ABCDEFGHIJKLMNOPQRSTUVWXYZ0123456789")))>0,"문자 오류",IF(COUNTIF(벤더코드!$A$5:$A$40,LEFT(A7,1))=0,"벤더 미등록",IF(COUNTIF($A$5:$A$60,A7)>1,"중복","OK"))))) -> OK
A8: ES3 | B8: =IF(A8="","",IFERROR(INDEX(벤더코드!$B$5:$B$40,MATCH(LEFT(A8,1),벤더코드!$A$5:$A$40,0)),"?")) -> Espressif Systems | C8: ESP32-S3 | D8: 40M | E8: ESP-IDF v5.x | F8: 없음 | G8: 예비 | H8: 2026-09-26 | I8: Xtensa | J8: =IF(A8="","",IF(LEN(A8)<>3,"3자리 아님",IF(SUMPRODUCT(--ISERROR(FIND(MID(A8,{1,2,3},1),"ABCDEFGHIJKLMNOPQRSTUVWXYZ0123456789")))>0,"문자 오류",IF(COUNTIF(벤더코드!$A$5:$A$40,LEFT(A8,1))=0,"벤더 미등록",IF(COUNTIF($A$5:$A$60,A8)>1,"중복","OK"))))) -> OK
A9: E32 | B9: =IF(A9="","",IFERROR(INDEX(벤더코드!$B$5:$B$40,MATCH(LEFT(A9,1),벤더코드!$A$5:$A$40,0)),"?")) -> Espressif Systems | C9: ESP32 | D9: 26M / 40M | E9: ESP-IDF v5.x | F9: 있음 | G9: 예비 | H9: 2026-09-26 | I9: Xtensa | J9: =IF(A9="","",IF(LEN(A9)<>3,"3자리 아님",IF(SUMPRODUCT(--ISERROR(FIND(MID(A9,{1,2,3},1),"ABCDEFGHIJKLMNOPQRSTUVWXYZ0123456789")))>0,"문자 오류",IF(COUNTIF(벤더코드!$A$5:$A$40,LEFT(A9,1))=0,"벤더 미등록",IF(COUNTIF($A$5:$A$60,A9)>1,"중복","OK"))))) -> OK
B10: =IF(A10="","",IFERROR(INDEX(벤더코드!$B$5:$B$40,MATCH(LEFT(A10,1),벤더코드!$A$5:$A$40,0)),"?")) | J10: =IF(A10="","",IF(LEN(A10)<>3,"3자리 아님",IF(SUMPRODUCT(--ISERROR(FIND(MID(A10,{1,2,3},1),"ABCDEFGHIJKLMNOPQRSTUVWXYZ0123456789")))>0,"문자 오류",IF(COUNTIF(벤더코드!$A$5:$A$40,LEFT(A10,1))=0,"벤더 미등록",IF(COUNTIF($A$5:$A$60,A10)>1,"중복","OK")))))
B11: =IF(A11="","",IFERROR(INDEX(벤더코드!$B$5:$B$40,MATCH(LEFT(A11,1),벤더코드!$A$5:$A$40,0)),"?")) | J11: =IF(A11="","",IF(LEN(A11)<>3,"3자리 아님",IF(SUMPRODUCT(--ISERROR(FIND(MID(A11,{1,2,3},1),"ABCDEFGHIJKLMNOPQRSTUVWXYZ0123456789")))>0,"문자 오류",IF(COUNTIF(벤더코드!$A$5:$A$40,LEFT(A11,1))=0,"벤더 미등록",IF(COUNTIF($A$5:$A$60,A11)>1,"중복","OK")))))
B12: =IF(A12="","",IFERROR(INDEX(벤더코드!$B$5:$B$40,MATCH(LEFT(A12,1),벤더코드!$A$5:$A$40,0)),"?")) | J12: =IF(A12="","",IF(LEN(A12)<>3,"3자리 아님",IF(SUMPRODUCT(--ISERROR(FIND(MID(A12,{1,2,3},1),"ABCDEFGHIJKLMNOPQRSTUVWXYZ0123456789")))>0,"문자 오류",IF(COUNTIF(벤더코드!$A$5:$A$40,LEFT(A12,1))=0,"벤더 미등록",IF(COUNTIF($A$5:$A$60,A12)>1,"중복","OK")))))
B13: =IF(A13="","",IFERROR(INDEX(벤더코드!$B$5:$B$40,MATCH(LEFT(A13,1),벤더코드!$A$5:$A$40,0)),"?")) | J13: =IF(A13="","",IF(LEN(A13)<>3,"3자리 아님",IF(SUMPRODUCT(--ISERROR(FIND(MID(A13,{1,2,3},1),"ABCDEFGHIJKLMNOPQRSTUVWXYZ0123456789")))>0,"문자 오류",IF(COUNTIF(벤더코드!$A$5:$A$40,LEFT(A13,1))=0,"벤더 미등록",IF(COUNTIF($A$5:$A$60,A13)>1,"중복","OK")))))
B14: =IF(A14="","",IFERROR(INDEX(벤더코드!$B$5:$B$40,MATCH(LEFT(A14,1),벤더코드!$A$5:$A$40,0)),"?")) | J14: =IF(A14="","",IF(LEN(A14)<>3,"3자리 아님",IF(SUMPRODUCT(--ISERROR(FIND(MID(A14,{1,2,3},1),"ABCDEFGHIJKLMNOPQRSTUVWXYZ0123456789")))>0,"문자 오류",IF(COUNTIF(벤더코드!$A$5:$A$40,LEFT(A14,1))=0,"벤더 미등록",IF(COUNTIF($A$5:$A$60,A14)>1,"중복","OK")))))
B15: =IF(A15="","",IFERROR(INDEX(벤더코드!$B$5:$B$40,MATCH(LEFT(A15,1),벤더코드!$A$5:$A$40,0)),"?")) | J15: =IF(A15="","",IF(LEN(A15)<>3,"3자리 아님",IF(SUMPRODUCT(--ISERROR(FIND(MID(A15,{1,2,3},1),"ABCDEFGHIJKLMNOPQRSTUVWXYZ0123456789")))>0,"문자 오류",IF(COUNTIF(벤더코드!$A$5:$A$40,LEFT(A15,1))=0,"벤더 미등록",IF(COUNTIF($A$5:$A$60,A15)>1,"중복","OK")))))
B16: =IF(A16="","",IFERROR(INDEX(벤더코드!$B$5:$B$40,MATCH(LEFT(A16,1),벤더코드!$A$5:$A$40,0)),"?")) | J16: =IF(A16="","",IF(LEN(A16)<>3,"3자리 아님",IF(SUMPRODUCT(--ISERROR(FIND(MID(A16,{1,2,3},1),"ABCDEFGHIJKLMNOPQRSTUVWXYZ0123456789")))>0,"문자 오류",IF(COUNTIF(벤더코드!$A$5:$A$40,LEFT(A16,1))=0,"벤더 미등록",IF(COUNTIF($A$5:$A$60,A16)>1,"중복","OK")))))
B17: =IF(A17="","",IFERROR(INDEX(벤더코드!$B$5:$B$40,MATCH(LEFT(A17,1),벤더코드!$A$5:$A$40,0)),"?")) | J17: =IF(A17="","",IF(LEN(A17)<>3,"3자리 아님",IF(SUMPRODUCT(--ISERROR(FIND(MID(A17,{1,2,3},1),"ABCDEFGHIJKLMNOPQRSTUVWXYZ0123456789")))>0,"문자 오류",IF(COUNTIF(벤더코드!$A$5:$A$40,LEFT(A17,1))=0,"벤더 미등록",IF(COUNTIF($A$5:$A$60,A17)>1,"중복","OK")))))
B18: =IF(A18="","",IFERROR(INDEX(벤더코드!$B$5:$B$40,MATCH(LEFT(A18,1),벤더코드!$A$5:$A$40,0)),"?")) | J18: =IF(A18="","",IF(LEN(A18)<>3,"3자리 아님",IF(SUMPRODUCT(--ISERROR(FIND(MID(A18,{1,2,3},1),"ABCDEFGHIJKLMNOPQRSTUVWXYZ0123456789")))>0,"문자 오류",IF(COUNTIF(벤더코드!$A$5:$A$40,LEFT(A18,1))=0,"벤더 미등록",IF(COUNTIF($A$5:$A$60,A18)>1,"중복","OK")))))
B19: =IF(A19="","",IFERROR(INDEX(벤더코드!$B$5:$B$40,MATCH(LEFT(A19,1),벤더코드!$A$5:$A$40,0)),"?")) | J19: =IF(A19="","",IF(LEN(A19)<>3,"3자리 아님",IF(SUMPRODUCT(--ISERROR(FIND(MID(A19,{1,2,3},1),"ABCDEFGHIJKLMNOPQRSTUVWXYZ0123456789")))>0,"문자 오류",IF(COUNTIF(벤더코드!$A$5:$A$40,LEFT(A19,1))=0,"벤더 미등록",IF(COUNTIF($A$5:$A$60,A19)>1,"중복","OK")))))
B20: =IF(A20="","",IFERROR(INDEX(벤더코드!$B$5:$B$40,MATCH(LEFT(A20,1),벤더코드!$A$5:$A$40,0)),"?")) | J20: =IF(A20="","",IF(LEN(A20)<>3,"3자리 아님",IF(SUMPRODUCT(--ISERROR(FIND(MID(A20,{1,2,3},1),"ABCDEFGHIJKLMNOPQRSTUVWXYZ0123456789")))>0,"문자 오류",IF(COUNTIF(벤더코드!$A$5:$A$40,LEFT(A20,1))=0,"벤더 미등록",IF(COUNTIF($A$5:$A$60,A20)>1,"중복","OK")))))
B21: =IF(A21="","",IFERROR(INDEX(벤더코드!$B$5:$B$40,MATCH(LEFT(A21,1),벤더코드!$A$5:$A$40,0)),"?")) | J21: =IF(A21="","",IF(LEN(A21)<>3,"3자리 아님",IF(SUMPRODUCT(--ISERROR(FIND(MID(A21,{1,2,3},1),"ABCDEFGHIJKLMNOPQRSTUVWXYZ0123456789")))>0,"문자 오류",IF(COUNTIF(벤더코드!$A$5:$A$40,LEFT(A21,1))=0,"벤더 미등록",IF(COUNTIF($A$5:$A$60,A21)>1,"중복","OK")))))
... B60: =IF(A60="","",IFERROR(INDEX(벤더코드!$B$5:$B$40,MATCH(LEFT(A60,1),벤더코드!$A$5:$A$40,0)),"?")) | J60: =IF(A60="","",IF(LEN(A60)<>3,"3자리 아님",IF(SUMPRODUCT(--ISERROR(FIND(MID(A60,{1,2,3},1),"ABCDEFGHIJKLMNOPQRSTUVWXYZ0123456789")))>0,"문자 오류",IF(COUNTIF(벤더코드!$A$5:$A$40,LEFT(A60,1))=0,"벤더 미등록",IF(COUNTIF($A$5:$A$60,A60)>1,"중복","OK")))))

Sheet 명령체계코드
A1: AT 명령 체계 코드 (CMD, 2자리, 기본값 MM = M2M-AT)
A2: 펌웨어가 Host와 통신하는 AT 명령 체계. 파일명 FW 세그먼트 <APP>-<CMD>-<IF>의 가운데 필드 (예: AT-MM-UART). 공통 코드는 같고 빌드 설정으로 명령 파서를 고른다.
A4: CMD 코드 | B4: 명령 체계 | C4: 명령 형식 | D4: 규격 문서 (03_설계문서) | E4: 사용 APP | F4: 상태 | G4: 등록일 | H4: 비고 | I4: 검사 (자동)
A5: MM | B5: M2M-AT (자체, 기본값) | C5: AT*M2M*<명령> | D5: M2M-AT Command Set.docx | E5: AT | F5: 사용 | G5: 2026-09-26 | H5: 기본값. 표준 배포(AC0)는 항상 MM | I5: =IF(A5="","",IF(LEN(A5)<>2,"2자리 아님",IF(SUMPRODUCT(--ISERROR(FIND(MID(A5,{1,2},1),"ABCDEFGHIJKLMNOPQRSTUVWXYZ")))>0,"문자 오류",IF(COUNTIF($A$5:$A$40,A5)>1,"중복","OK")))) -> OK
A6: IC | B6: ICT-AT 호환 | C6: AT*ICT*<명령> | D6: ICT-AT Compatible Command Set - *.docx | E6: AT | F6: 예비 | G6: 2026-09-26 | H6: 해당 Host 소프트웨어를 쓰는 고객용 | I6: =IF(A6="","",IF(LEN(A6)<>2,"2자리 아님",IF(SUMPRODUCT(--ISERROR(FIND(MID(A6,{1,2},1),"ABCDEFGHIJKLMNOPQRSTUVWXYZ")))>0,"문자 오류",IF(COUNTIF($A$5:$A$40,A6)>1,"중복","OK")))) -> OK
A7: ES | B7: ESP-AT 명령 체계 호환 | C7: ESP-AT 명령 이름 (CWMODE, CIPSTART 등) | D7: ESP-AT Compatible Command Set*.docx | E7: AT | F7: 예비 | G7: 2026-09-26 | I7: =IF(A7="","",IF(LEN(A7)<>2,"2자리 아님",IF(SUMPRODUCT(--ISERROR(FIND(MID(A7,{1,2},1),"ABCDEFGHIJKLMNOPQRSTUVWXYZ")))>0,"문자 오류",IF(COUNTIF($A$5:$A$40,A7)>1,"중복","OK")))) -> OK
A8: NA | B8: AT 명령 없음 | C8: - | D8: - | E8: NCP / APP | F8: 사용 | G8: 2026-09-26 | H8: 단독 동작 APP, 바이너리 프로토콜 NCP 펌웨어 | I8: =IF(A8="","",IF(LEN(A8)<>2,"2자리 아님",IF(SUMPRODUCT(--ISERROR(FIND(MID(A8,{1,2},1),"ABCDEFGHIJKLMNOPQRSTUVWXYZ")))>0,"문자 오류",IF(COUNTIF($A$5:$A$40,A8)>1,"중복","OK")))) -> OK
I9: =IF(A9="","",IF(LEN(A9)<>2,"2자리 아님",IF(SUMPRODUCT(--ISERROR(FIND(MID(A9,{1,2},1),"ABCDEFGHIJKLMNOPQRSTUVWXYZ")))>0,"문자 오류",IF(COUNTIF($A$5:$A$40,A9)>1,"중복","OK"))))
I10: =IF(A10="","",IF(LEN(A10)<>2,"2자리 아님",IF(SUMPRODUCT(--ISERROR(FIND(MID(A10,{1,2},1),"ABCDEFGHIJKLMNOPQRSTUVWXYZ")))>0,"문자 오류",IF(COUNTIF($A$5:$A$40,A10)>1,"중복","OK"))))
I11: =IF(A11="","",IF(LEN(A11)<>2,"2자리 아님",IF(SUMPRODUCT(--ISERROR(FIND(MID(A11,{1,2},1),"ABCDEFGHIJKLMNOPQRSTUVWXYZ")))>0,"문자 오류",IF(COUNTIF($A$5:$A$40,A11)>1,"중복","OK"))))
I12: =IF(A12="","",IF(LEN(A12)<>2,"2자리 아님",IF(SUMPRODUCT(--ISERROR(FIND(MID(A12,{1,2},1),"ABCDEFGHIJKLMNOPQRSTUVWXYZ")))>0,"문자 오류",IF(COUNTIF($A$5:$A$40,A12)>1,"중복","OK"))))
I13: =IF(A13="","",IF(LEN(A13)<>2,"2자리 아님",IF(SUMPRODUCT(--ISERROR(FIND(MID(A13,{1,2},1),"ABCDEFGHIJKLMNOPQRSTUVWXYZ")))>0,"문자 오류",IF(COUNTIF($A$5:$A$40,A13)>1,"중복","OK"))))
I14: =IF(A14="","",IF(LEN(A14)<>2,"2자리 아님",IF(SUMPRODUCT(--ISERROR(FIND(MID(A14,{1,2},1),"ABCDEFGHIJKLMNOPQRSTUVWXYZ")))>0,"문자 오류",IF(COUNTIF($A$5:$A$40,A14)>1,"중복","OK"))))
I15: =IF(A15="","",IF(LEN(A15)<>2,"2자리 아님",IF(SUMPRODUCT(--ISERROR(FIND(MID(A15,{1,2},1),"ABCDEFGHIJKLMNOPQRSTUVWXYZ")))>0,"문자 오류",IF(COUNTIF($A$5:$A$40,A15)>1,"중복","OK"))))
I16: =IF(A16="","",IF(LEN(A16)<>2,"2자리 아님",IF(SUMPRODUCT(--ISERROR(FIND(MID(A16,{1,2},1),"ABCDEFGHIJKLMNOPQRSTUVWXYZ")))>0,"문자 오류",IF(COUNTIF($A$5:$A$40,A16)>1,"중복","OK"))))
I17: =IF(A17="","",IF(LEN(A17)<>2,"2자리 아님",IF(SUMPRODUCT(--ISERROR(FIND(MID(A17,{1,2},1),"ABCDEFGHIJKLMNOPQRSTUVWXYZ")))>0,"문자 오류",IF(COUNTIF($A$5:$A$40,A17)>1,"중복","OK"))))
I18: =IF(A18="","",IF(LEN(A18)<>2,"2자리 아님",IF(SUMPRODUCT(--ISERROR(FIND(MID(A18,{1,2},1),"ABCDEFGHIJKLMNOPQRSTUVWXYZ")))>0,"문자 오류",IF(COUNTIF($A$5:$A$40,A18)>1,"중복","OK"))))
I19: =IF(A19="","",IF(LEN(A19)<>2,"2자리 아님",IF(SUMPRODUCT(--ISERROR(FIND(MID(A19,{1,2},1),"ABCDEFGHIJKLMNOPQRSTUVWXYZ")))>0,"문자 오류",IF(COUNTIF($A$5:$A$40,A19)>1,"중복","OK"))))
I20: =IF(A20="","",IF(LEN(A20)<>2,"2자리 아님",IF(SUMPRODUCT(--ISERROR(FIND(MID(A20,{1,2},1),"ABCDEFGHIJKLMNOPQRSTUVWXYZ")))>0,"문자 오류",IF(COUNTIF($A$5:$A$40,A20)>1,"중복","OK"))))
... I40: =IF(A40="","",IF(LEN(A40)<>2,"2자리 아님",IF(SUMPRODUCT(--ISERROR(FIND(MID(A40,{1,2},1),"ABCDEFGHIJKLMNOPQRSTUVWXYZ")))>0,"문자 오류",IF(COUNTIF($A$5:$A$40,A40)>1,"중복","OK"))))

Sheet 고객코드
A1: 고객 코드 (CUSTOMER 앞 2자리)
A2: AA~AZ 내부(표준 보드 기본값 포함), BA~YZ 고객사(BA부터 순서대로), ZA~ZZ 예비. 파일명에는 뒤에 REL 1자리(0 샘플/표준, 1 계약)를 붙인다.
A4: 고객 코드 | B4: 대역 (자동) | C4: 고객명 / 용도 | D4: 기본 CUSTOMER (REL 포함) | E4: 상태 | F4: 등록일 | G4: 비고 | H4: 검사 (자동)
A5: AA | B5: =IF(A5="","",IF(LEFT(A5,1)="A","내부",IF(LEFT(A5,1)="Z","예비","고객사"))) -> 내부 | C5: 내부 개발·시험 공통 (칩 무관) | D5: AA0 | E5: 사용 | F5: 2026-09-26 | G5: -dev / -beta 빌드 | H5: =IF(A5="","",IF(LEN(A5)<>2,"2자리 아님",IF(SUMPRODUCT(--ISERROR(FIND(MID(A5,{1,2},1),"ABCDEFGHIJKLMNOPQRSTUVWXYZ")))>0,"문자 오류",IF(AND(D5<>"",LEFT(D5,2)<>A5),"기본값 불일치",IF(COUNTIF($A$5:$A$200,A5)>1,"중복","OK"))))) -> OK
A6: AC | B6: =IF(A6="","",IF(LEFT(A6,1)="A","내부",IF(LEFT(A6,1)="Z","예비","고객사"))) -> 내부 | C6: ESP32-C3(EC3) 표준 보드 기본값 (Default) | D6: AC0 | E6: 사용 | F6: 2026-09-26 | G6: 고객 지정 없는 표준 배포. Naming Guide 4.5.1절 | H6: =IF(A6="","",IF(LEN(A6)<>2,"2자리 아님",IF(SUMPRODUCT(--ISERROR(FIND(MID(A6,{1,2},1),"ABCDEFGHIJKLMNOPQRSTUVWXYZ")))>0,"문자 오류",IF(AND(D6<>"",LEFT(D6,2)<>A6),"기본값 불일치",IF(COUNTIF($A$5:$A$200,A6)>1,"중복","OK"))))) -> OK
A7: BA | B7: =IF(A7="","",IF(LEFT(A7,1)="A","내부",IF(LEFT(A7,1)="Z","예비","고객사"))) -> 고객사 | C7: (예시) 고객사 A | D7: BA1 | E7: 예시 | F7: 2026-09-26 | G7: 형식 예시 — 첫 고객 등록 시 덮어쓴다 | H7: =IF(A7="","",IF(LEN(A7)<>2,"2자리 아님",IF(SUMPRODUCT(--ISERROR(FIND(MID(A7,{1,2},1),"ABCDEFGHIJKLMNOPQRSTUVWXYZ")))>0,"문자 오류",IF(AND(D7<>"",LEFT(D7,2)<>A7),"기본값 불일치",IF(COUNTIF($A$5:$A$200,A7)>1,"중복","OK"))))) -> OK
B8: =IF(A8="","",IF(LEFT(A8,1)="A","내부",IF(LEFT(A8,1)="Z","예비","고객사"))) | H8: =IF(A8="","",IF(LEN(A8)<>2,"2자리 아님",IF(SUMPRODUCT(--ISERROR(FIND(MID(A8,{1,2},1),"ABCDEFGHIJKLMNOPQRSTUVWXYZ")))>0,"문자 오류",IF(AND(D8<>"",LEFT(D8,2)<>A8),"기본값 불일치",IF(COUNTIF($A$5:$A$200,A8)>1,"중복","OK")))))
B9: =IF(A9="","",IF(LEFT(A9,1)="A","내부",IF(LEFT(A9,1)="Z","예비","고객사"))) | H9: =IF(A9="","",IF(LEN(A9)<>2,"2자리 아님",IF(SUMPRODUCT(--ISERROR(FIND(MID(A9,{1,2},1),"ABCDEFGHIJKLMNOPQRSTUVWXYZ")))>0,"문자 오류",IF(AND(D9<>"",LEFT(D9,2)<>A9),"기본값 불일치",IF(COUNTIF($A$5:$A$200,A9)>1,"중복","OK")))))
B10: =IF(A10="","",IF(LEFT(A10,1)="A","내부",IF(LEFT(A10,1)="Z","예비","고객사"))) | H10: =IF(A10="","",IF(LEN(A10)<>2,"2자리 아님",IF(SUMPRODUCT(--ISERROR(FIND(MID(A10,{1,2},1),"ABCDEFGHIJKLMNOPQRSTUVWXYZ")))>0,"문자 오류",IF(AND(D10<>"",LEFT(D10,2)<>A10),"기본값 불일치",IF(COUNTIF($A$5:$A$200,A10)>1,"중복","OK")))))
B11: =IF(A11="","",IF(LEFT(A11,1)="A","내부",IF(LEFT(A11,1)="Z","예비","고객사"))) | H11: =IF(A11="","",IF(LEN(A11)<>2,"2자리 아님",IF(SUMPRODUCT(--ISERROR(FIND(MID(A11,{1,2},1),"ABCDEFGHIJKLMNOPQRSTUVWXYZ")))>0,"문자 오류",IF(AND(D11<>"",LEFT(D11,2)<>A11),"기본값 불일치",IF(COUNTIF($A$5:$A$200,A11)>1,"중복","OK")))))
B12: =IF(A12="","",IF(LEFT(A12,1)="A","내부",IF(LEFT(A12,1)="Z","예비","고객사"))) | H12: =IF(A12="","",IF(LEN(A12)<>2,"2자리 아님",IF(SUMPRODUCT(--ISERROR(FIND(MID(A12,{1,2},1),"ABCDEFGHIJKLMNOPQRSTUVWXYZ")))>0,"문자 오류",IF(AND(D12<>"",LEFT(D12,2)<>A12),"기본값 불일치",IF(COUNTIF($A$5:$A$200,A12)>1,"중복","OK")))))
B13: =IF(A13="","",IF(LEFT(A13,1)="A","내부",IF(LEFT(A13,1)="Z","예비","고객사"))) | H13: =IF(A13="","",IF(LEN(A13)<>2,"2자리 아님",IF(SUMPRODUCT(--ISERROR(FIND(MID(A13,{1,2},1),"ABCDEFGHIJKLMNOPQRSTUVWXYZ")))>0,"문자 오류",IF(AND(D13<>"",LEFT(D13,2)<>A13),"기본값 불일치",IF(COUNTIF($A$5:$A$200,A13)>1,"중복","OK")))))
B14: =IF(A14="","",IF(LEFT(A14,1)="A","내부",IF(LEFT(A14,1)="Z","예비","고객사"))) | H14: =IF(A14="","",IF(LEN(A14)<>2,"2자리 아님",IF(SUMPRODUCT(--ISERROR(FIND(MID(A14,{1,2},1),"ABCDEFGHIJKLMNOPQRSTUVWXYZ")))>0,"문자 오류",IF(AND(D14<>"",LEFT(D14,2)<>A14),"기본값 불일치",IF(COUNTIF($A$5:$A$200,A14)>1,"중복","OK")))))
B15: =IF(A15="","",IF(LEFT(A15,1)="A","내부",IF(LEFT(A15,1)="Z","예비","고객사"))) | H15: =IF(A15="","",IF(LEN(A15)<>2,"2자리 아님",IF(SUMPRODUCT(--ISERROR(FIND(MID(A15,{1,2},1),"ABCDEFGHIJKLMNOPQRSTUVWXYZ")))>0,"문자 오류",IF(AND(D15<>"",LEFT(D15,2)<>A15),"기본값 불일치",IF(COUNTIF($A$5:$A$200,A15)>1,"중복","OK")))))
B16: =IF(A16="","",IF(LEFT(A16,1)="A","내부",IF(LEFT(A16,1)="Z","예비","고객사"))) | H16: =IF(A16="","",IF(LEN(A16)<>2,"2자리 아님",IF(SUMPRODUCT(--ISERROR(FIND(MID(A16,{1,2},1),"ABCDEFGHIJKLMNOPQRSTUVWXYZ")))>0,"문자 오류",IF(AND(D16<>"",LEFT(D16,2)<>A16),"기본값 불일치",IF(COUNTIF($A$5:$A$200,A16)>1,"중복","OK")))))
B17: =IF(A17="","",IF(LEFT(A17,1)="A","내부",IF(LEFT(A17,1)="Z","예비","고객사"))) | H17: =IF(A17="","",IF(LEN(A17)<>2,"2자리 아님",IF(SUMPRODUCT(--ISERROR(FIND(MID(A17,{1,2},1),"ABCDEFGHIJKLMNOPQRSTUVWXYZ")))>0,"문자 오류",IF(AND(D17<>"",LEFT(D17,2)<>A17),"기본값 불일치",IF(COUNTIF($A$5:$A$200,A17)>1,"중복","OK")))))
B18: =IF(A18="","",IF(LEFT(A18,1)="A","내부",IF(LEFT(A18,1)="Z","예비","고객사"))) | H18: =IF(A18="","",IF(LEN(A18)<>2,"2자리 아님",IF(SUMPRODUCT(--ISERROR(FIND(MID(A18,{1,2},1),"ABCDEFGHIJKLMNOPQRSTUVWXYZ")))>0,"문자 오류",IF(AND(D18<>"",LEFT(D18,2)<>A18),"기본값 불일치",IF(COUNTIF($A$5:$A$200,A18)>1,"중복","OK")))))
B19: =IF(A19="","",IF(LEFT(A19,1)="A","내부",IF(LEFT(A19,1)="Z","예비","고객사"))) | H19: =IF(A19="","",IF(LEN(A19)<>2,"2자리 아님",IF(SUMPRODUCT(--ISERROR(FIND(MID(A19,{1,2},1),"ABCDEFGHIJKLMNOPQRSTUVWXYZ")))>0,"문자 오류",IF(AND(D19<>"",LEFT(D19,2)<>A19),"기본값 불일치",IF(COUNTIF($A$5:$A$200,A19)>1,"중복","OK")))))
... B200: =IF(A200="","",IF(LEFT(A200,1)="A","내부",IF(LEFT(A200,1)="Z","예비","고객사"))) | H200: =IF(A200="","",IF(LEN(A200)<>2,"2자리 아님",IF(SUMPRODUCT(--ISERROR(FIND(MID(A200,{1,2},1),"ABCDEFGHIJKLMNOPQRSTUVWXYZ")))>0,"문자 오류",IF(AND(D200<>"",LEFT(D200,2)<>A200),"기본값 불일치",IF(COUNTIF($A$5:$A$200,A200)>1,"중복","OK")))))

Sheet 변경이력
A1: 일자 | B1: 시트 | C1: 코드 | D1: 변경 내용 | E1: 작성자
A2: 2026-09-26 | B2: 전체 | C2: - | D2: 대장 신규 작성 (3자리 고정 코드 체계): 벤더 E, 칩 EC3/EC2/EC6/ES3/E32, 보드 MA0/MB0/MC0/MD0/EA1, 명령 체계 MM(기본)/IC/ES/NA, 고객 AA/AC
A3: 2026-09-26 | B3: 보드코드 | C3: - | D3: AT UART / Log UART 핀 열 삭제 — 보드 핀맵은 보드별 빌드 설정(CONFIG)에서 확인
